Name	CheckpointCER	LearningIteration	TrainingIteration	EvalCER	IterationCER	ValidationCER
		100	100		59.371	
		200	200		46.221	
		300	300		38.643	
		399	400		33.477	
		499	500		30.374	
		596	600		27.718	
		694	700		25.687	
		791	800		24.152	
		888	900		22.84	
		985	1000		21.955	
		1082	1100		17.261	
		1179	1200		15.237	
		1273	1300		14.041	
		1371	1400		13.343	
		1465	1500		12.591	
		1556	1600		12.227	
		1653	1700		12.086	
		1747	1800		11.901	
		1837	1900		11.741	
		1931	2000		11.49	
		2025	2100		11.346	
		2114	2200		11.276	
		2210	2300		11.36	
		2297	2400		11.181	
		2387	2500		11.2	
		2478	2600		11.107	
		2567	2700		10.935	
		2655	2800		10.864	
		2747	2900		10.65	
		2837	3000		10.523	
		2932	3100		10.499	
		3025	3200		10.702	
		3115	3300		10.503	
		3208	3400		10.573	
		3299	3500		10.762	
		3390	3600		10.86	
		3473	3700		10.702	
		3560	3800		10.469	
		3647	3900		10.452	
		3737	4000		10.369	
		3831	4100		10.384	
		3920	4200		9.853	
		4012	4300		9.756	
		4103	4400		9.687	
		4190	4500		9.322	
		4283	4600		9.195	
		4366	4700		9.187	
		4446	4800		9.043	
		4531	4900		9.136	
		4621	5000		9.132	
		4699	5100		8.824	
		4790	5200		8.941	
		4877	5300		8.824	
		4967	5400		8.798	
		5054	5500		8.814	
		5146	5600		8.807	
		5233	5700		8.907	
		5327	5800		9.261	
		5410	5900		9.12	
		5495	6000		8.934	
		5575	6100		8.907	
		5663	6200		8.929	
		5750	6300		8.947	
		5831	6400		8.749	
		5914	6500		8.631	
		5998	6600		8.477	
		6083	6700		8.31	
		6170	6800		8.015	
		6252	6900		7.963	
		6339	7000		8.072	
		6423	7100		8.069	
		6503	7200		7.773	
		6588	7300		7.746	
		6669	7400		7.872	
		6758	7500		8.124	
		6836	7600		7.986	
		6922	7700		8.172	
		7000	7800		8.098	
		7086	7900		8.223	
		7165	8000		8.11	
		7248	8100		8.038	
		7336	8200		8.123	
		7410	8300		7.994	
		7492	8400		7.902	
		7576	8500		7.707	
		7662	8600		7.786	
		7745	8700		7.472	
		7836	8800		7.83	
		7916	8900		7.671	
		7994	9000		7.576	
		8075	9100		7.688	
		8155	9200		7.694	
		8237	9300		7.846	
		8321	9400		7.882	
		8406	9500		7.914	
		8491	9600		7.921	
		8573	9700		8.045	
		8653	9800		7.78	
		8731	9900		7.904	
		8813	10000		7.967	
		8894	10100		7.896	
		8975	10200		7.793	
		9051	10300		7.714	
		9128	10400		7.63	
		9210	10500		7.423	
		9295	10600		7.406	
		9381	10700		7.68	
		9465	10800		7.598	
		9544	10900		7.416	
		9633	11000		7.42	
		9713	11100		7.476	
		9791	11200		7.321	
		9870	11300		7.217	
		9945	11400		7.129	
		10021	11500		7.115	
		10102	11600		7.165	
		10184	11700		6.83	
		10268	11800		6.863	
		10352	11900		6.907	
		10431	12000		6.867	
		10503	12100		6.693	
		10580	12200		6.888	
		10663	12300		6.955	
		10741	12400		7.096	
		10824	12500		7.27	
		10897	12600		7.144	
		10981	12700		7.191	
		11062	12800		7.22	
		11134	12900		7.262	
		11209	13000		7.286	
		11286	13100		7.25	
		11368	13200		7.196	
		11446	13300		7.38	
		11517	13400		7.306	
		11591	13500		7.223	
		11674	13600		7.279	
		11754	13700		7.474	
		11839	13800		7.48	
		11915	13900		7.448	
		11990	14000		7.733	
		12068	14100		7.82	
		12141	14200		7.808	
		12205	14300		7.402	
		12282	14400		7.418	
		12358	14500		7.312	
		12440	14600		7.335	
		12514	14700		7.081	
		12596	14800		6.933	
		12666	14900		6.833	
		12741	15000		6.508	
		12822	15100		6.507	
		12889	15200		6.478	
		12959	15300		6.592	
		13037	15400		6.497	
		13114	15500		6.59	
		13182	15600		6.508	
		13261	15700		6.416	
		13335	15800		6.452	
		13416	15900		6.518	
		13495	16000		6.522	
		13568	16100		6.491	
		13644	16200		6.436	
		13728	16300		6.665	
		13801	16400		6.707	
		13878	16500		6.58	
		13944	16600		6.5	
		14011	16700		6.601	
		14084	16800		6.564	
		14165	16900		6.529	
		14237	17000		6.422	
		14308	17100		6.426	
		14386	17200		6.471	
		14463	17300		6.236	
		14533	17400		6.215	
		14597	17500		6.184	
		14674	17600		6.272	
		14748	17700		6.145	
		14829	17800		6.17	
		14903	17900		6.085	
		14977	18000		6.249	
		15050	18100		6.183	
		15125	18200		6.209	
		15193	18300		6.23	
		15271	18400		6.311	
		15345	18500		6.415	
		15412	18600		6.258	
		15484	18700		6.233	
		15562	18800		6.19	
		15634	18900		6.203	
		15704	19000		6.042	
		15787	19100		6.087	
		15865	19200		5.91	
		15941	19300		5.947	
		16016	19400		5.893	
		16091	19500		5.73	
		16162	19600		5.865	
		16233	19700		5.892	
		16308	19800		6.004	
		16377	19900		6.156	
		16458	20000		6.339	
		16533	20100		6.224	
		16610	20200		6.493	
		16688	20300		6.519	
		16755	20400		6.501	
		16824	20500		6.641	
		16894	20600		6.526	
		16964	20700		6.578	
		17031	20800		6.402	
		17097	20900		6.295	
		17174	21000		6.228	
		17248	21100		6.246	
		17324	21200		6.373	
		17401	21300		6.219	
		17470	21400		6.17	
		17546	21500		6.036	
		17627	21600		6.135	
		17697	21700		5.976	
		17771	21800		5.978	
		17839	21900		5.865	
		17908	22000		5.75	
		17979	22100		5.901	
		18044	22200		5.425	
		18122	22300		5.609	
		18192	22400		5.547	
		18263	22500		5.606	
		18322	22600		5.432	
		18398	22700		5.557	
		18473	22800		5.551	
		18548	22900		5.699	
		18621	23000		5.679	
		18695	23100		5.673	
		18770	23200		5.748	
		18849	23300		5.73	
		18921	23400		5.909	
		18995	23500		5.911	
		19067	23600		5.993	
		19134	23700		5.912	
		19208	23800		6.1	
		19273	23900		5.906	
		19339	24000		5.898	
		19413	24100		5.838	
		19490	24200		5.938	
		19563	24300		5.935	
		19636	24400		5.88	
		19699	24500		5.999	
		19772	24600		6.095	
		19844	24700		6.126	
		19900	24800		5.849	
		19970	24900		5.957	
		20037	25000		5.955	
		20108	25100		5.913	
		20182	25200		5.958	
		20256	25300		5.839	
		20329	25400		5.732	
		20407	25500		5.644	
		20480	25600		5.585	
		20553	25700		5.59	
		20623	25800		5.735	
		20687	25900		5.614	
		20758	26000		5.679	
		20829	26100		5.682	
		20896	26200		5.518	
		20965	26300		5.508	
		21035	26400		5.559	
		21108	26500		5.509	
		21178	26600		5.454	
		21242	26700		5.359	
		21321	26800		5.47	
		21384	26900		5.544	
		21457	27000		5.497	
		21527	27100		5.396	
		21590	27200		5.483	
		21664	27300		5.533	
		21735	27400		5.453	
		21804	27500		5.35	
		21871	27600		5.302	
		21939	27700		5.447	
		22012	27800		5.273	
		22073	27900		5.193	
		22138	28000		5.155	
		22207	28100		5.264	
		22277	28200		5.28	
		22348	28300		5.132	
		22421	28400		5.217	
		22492	28500		5.38	
		22567	28600		5.52	
		22634	28700		5.457	
		22700	28800		5.471	
		22766	28900		5.507	
		22837	29000		5.609	
		22906	29100		5.523	
		22970	29200		5.366	
		23037	29300		5.396	
		23098	29400		5.313	
		23163	29500		5.149	
		23242	29600		5.077	
		23311	29700		4.985	
		23376	29800		4.897	
		23440	29900		5.025	
		23504	30000		4.851	
		23577	30100		4.889	
		23635	30200		5.052	
		23711	30300		5.16	
		23777	30400		5.213	
		23855	30500		5.371	
		23921	30600		5.322	
		23988	30700		5.398	
		24058	30800		5.641	
		24125	30900		5.672	
		24185	31000		5.683	
		24239	31100		5.692	
		24309	31200		5.655	
		24367	31300		5.444	
		24434	31400		5.422	
		24499	31500		5.304	
		24567	31600		5.373	
		24641	31700		5.447	
		24717	31800		5.338	
		24789	31900		5.186	
		24857	32000		5.141	
		24924	32100		5.08	
		24993	32200		5.038	
		25064	32300		5.061	
		25124	32400		5.006	
		25178	32500		4.896	
		25243	32600		4.904	
		25307	32700		4.786	
		25376	32800		4.756	
		25450	32900		4.797	
		25521	33000		4.855	
		25580	33100		4.892	
		25642	33200		4.906	
		25719	33300		5.008	
		25784	33400		5.086	
		25855	33500		5.224	
		25927	33600		5.269	
		25996	33700		5.25	
		26059	33800		5.164	
		26133	33900		5.279	
		26193	34000		5.257	
		26265	34100		5.216	
		26329	34200		5.191	
		26396	34300		5.188	
		26459	34400		5.174	
		26518	34500		5.043	
		26581	34600		5.007	
		26662	34700		5.102	
		26730	34800		5.153	
		26806	34900		5.061	
		26872	35000		5.205	
		26938	35100		5.434	
		27011	35200		5.486	
		27067	35300		5.376	
		27129	35400		5.322	
		27185	35500		5.334	
		27251	35600		5.296	
		27319	35700		5.231	
		27392	35800		5.202	
		27465	35900		5.081	
		27539	36000		5.034	
		27602	36100		4.866	
		27664	36200		4.809	
		27716	36300		4.895	
		27778	36400		4.811	
		27846	36500		4.954	
		27916	36600		4.906	
		27974	36700		4.831	
		28037	36800		4.906	
		28094	36900		4.93	
		28159	37000		4.899	
		28219	37100		4.843	
		28289	37200		4.861	
		28353	37300		4.902	
		28420	37400		5.046	
		28473	37500		4.961	
		28542	37600		4.836	
		28601	37700		4.802	
		28666	37800		4.821	
		28730	37900		4.854	
		28792	38000		4.745	
		28844	38100		4.647	
		28906	38200		4.701	
		28972	38300		4.57	
		29034	38400		4.47	
		29090	38500		4.497	
		29150	38600		4.601	
		29213	38700		4.827	
		29279	38800		4.667	
		29346	38900		4.692	
		29411	39000		4.808	
		29483	39100		5.001	
		29542	39200		4.83	
		29611	39300		5.06	
		29669	39400		5.018	
		29730	39500		5.044	
		29795	39600		5.069	
		29854	39700		4.848	
		29917	39800		4.928	
		29976	39900		4.82	
		30041	40000		4.726	
		30104	40100		4.624	
		30173	40200		4.682	
		30227	40300		4.378	
		30293	40400		4.611	
		30362	40500		4.513	
		30423	40600		4.439	
		30483	40700		4.462	
		30550	40800		4.52	
		30620	40900		4.659	
		30689	41000		4.682	
		30757	41100		4.763	
		30823	41200		4.771	
		30886	41300		4.879	
		30951	41400		4.887	
		31015	41500		4.981	
		31075	41600		5.041	
		31135	41700		5.047	
		31193	41800		4.915	
		31252	41900		4.82	
		31316	42000		4.778	
		31377	42100		4.613	
		31447	42200		4.569	
		31522	42300		4.72	
		31587	42400		4.501	
		31651	42500		4.367	
		31716	42600		4.299	
		31778	42700		4.324	
		31845	42800		4.291	
		31908	42900		4.295	
		31961	43000		4.276	
		32021	43100		4.277	
		32079	43200		4.297	
		32145	43300		4.178	
		32217	43400		4.229	
		32285	43500		4.216	
		32351	43600		4.425	
		32400	43700		4.346	
		32461	43800		4.411	
		32526	43900		4.414	
		32592	44000		4.523	
		32659	44100		4.66	
		32718	44200		4.637	
		32779	44300		4.601	
		32848	44400		4.636	
		32901	44500		4.767	
		32963	44600		4.626	
		33020	44700		4.555	
		33086	44800		4.608	
		33152	44900		4.73	
		33201	45000		4.568	
		33258	45100		4.572	
		33320	45200		4.644	
		33386	45300		4.721	
		33458	45400		4.762	
		33522	45500		4.797	
		33575	45600		4.966	
		33642	45700		5.104	
		33701	45800		5.039	
		33756	45900		4.809	
		33830	46000		4.946	
		33890	46100		4.85	
		33959	46200		4.815	
		34020	46300		4.78	
		34086	46400		4.596	
		34146	46500		4.475	
		34208	46600		4.234	
		34266	46700		4.214	
		34322	46800		4.203	
		34374	46900		4.317	
		34434	47000		4.246	
		34501	47100		4.329	
		34559	47200		4.34	
		34618	47300		4.292	
		34680	47400		4.435	
		34744	47500		4.432	
		34806	47600		4.462	
		34867	47700		4.45	
		34930	47800		4.412	
		34995	47900		4.539	
		35056	48000		4.551	
		35125	48100		4.506	
		35177	48200		4.418	
		35233	48300		4.522	
		35287	48400		4.372	
		35351	48500		4.352	
		35404	48600		4.263	
		35465	48700		4.253	
		35525	48800		4.236	
		35590	48900		4.047	
		35645	49000		4.023	
		35696	49100		3.943	
		35758	49200		4.134	
		35822	49300		4.041	
		35884	49400		4.093	
		35948	49500		4.121	
		36013	49600		4.284	
		36068	49700		4.259	
		36127	49800		4.322	
		36182	49900		4.343	
		36237	50000		4.358	
		36299	50100		4.473	
		36359	50200		4.257	
		36419	50300		4.289	
		36480	50400		4.295	
		36540	50500		4.267	
		36583	50600		4.07	
		36645	50700		4.029	
		36703	50800		3.904	
		36762	50900		3.917	
		36823	51000		3.933	
		36879	51100		3.756	
		36933	51200		3.825	
		36993	51300		3.784	
		37060	51400		3.974	
		37120	51500		4.067	
		37187	51600		4.311	
		37246	51700		4.311	
		37313	51800		4.474	
		37374	51900		4.661	
		37433	52000		4.674	
		37486	52100		4.808	
		37542	52200		4.783	
		37598	52300		4.752	
		37663	52400		4.551	
		37709	52500		4.487	
		37767	52600		4.324	
		37833	52700		4.339	
		37895	52800		4.499	
		37967	52900		4.295	
		38025	53000		4.241	
		38084	53100		4.157	
		38151	53200		4.248	
		38210	53300		4.195	
		38269	53400		4.166	
		38328	53500		4.139	
		38388	53600		4.116	
		38450	53700		4.205	
		38505	53800		3.838	
		38571	53900		3.9	
		38631	54000		3.912	
		38694	54100		4.036	
		38737	54200		3.845	
		38796	54300		3.938	
		38856	54400		3.947	
		38922	54500		4.041	
		38987	54600		4.128	
		39047	54700		4.195	
		39103	54800		4.233	
		39168	54900		4.24	
		39226	55000		4.291	
		39289	55100		4.218	
		39352	55200		4.281	
		39411	55300		4.282	
		39469	55400		4.359	
		39524	55500		4.363	
		39579	55600		4.312	
		39639	55700		4.257	
		39708	55800		4.359	
		39780	55900		4.428	
		39839	56000		4.478	
		39893	56100		4.595	
		39957	56200		4.682	
		40019	56300		4.683	
		40072	56400		4.555	
		40131	56500		4.466	
		40190	56600		4.456	
		40247	56700		4.334	
		40309	56800		4.38	
		40373	56900		4.202	
		40436	57000		4.088	
		40496	57100		4.02	
		40555	57200		3.988	
		40612	57300		4.006	
		40669	57400		4.093	
		40723	57500		4.039	
		40787	57600		4.12	
		40843	57700		4.134	
		40898	57800		4.002	
		40950	57900		4.055	
		41015	58000		4.109	
		41076	58100		4.04	
		41133	58200		4.032	
		41189	58300		3.966	
		41258	58400		4.078	
		41311	58500		4.116	
		41371	58600		4.035	
		41420	58700		4.023	
		41473	58800		4.092	
		41530	58900		4.111	
		41576	59000		3.998	
		41627	59100		3.929	
		41685	59200		3.848	
		41748	59300		3.868	
		41802	59400		3.691	
		41858	59500		3.617	
		41911	59600		3.576	
		41967	59700		3.575	
		42022	59800		3.648	
		42077	59900		3.566	
		42135	60000		3.651	
		42194	60100		3.878	
		42257	60200		3.922	
		42319	60300		4.002	
		42374	60400		4.024	
		42426	60500		4.054	
		42488	60600		4.206	
		42546	60700		4.209	
		42603	60800		4.019	
		42660	60900		4.059	
		42717	61000		4.041	
		42765	61100		3.829	
		42818	61200		3.769	
		42879	61300		3.598	
		42929	61400		3.543	
		42988	61500		3.63	
		43045	61600		3.474	
		43094	61700		3.445	
		43151	61800		3.587	
		43218	61900		3.642	
		43278	62000		3.769	
		43340	62100		3.895	
		43401	62200		3.983	
		43462	62300		4.086	
		43521	62400		4.251	
		43577	62500		4.27	
		43632	62600		4.272	
		43685	62700		4.338	
		43749	62800		4.364	
		43801	62900		4.234	
		43853	63000		4.098	
		43902	63100		4.018	
		43960	63200		3.933	
		44017	63300		4.198	
		44091	63400		4.204	
		44148	63500		4.092	
		44201	63600		4.091	
		44258	63700		4.052	
		44313	63800		3.948	
		44369	63900		3.923	
		44427	64000		3.921	
		44470	64100		3.814	
		44524	64200		3.903	
		44577	64300		3.575	
		44632	64400		3.489	
		44694	64500		3.539	
		44752	64600		3.511	
		44795	64700		3.549	
		44840	64800		3.546	
		44902	64900		3.641	
		44958	65000		3.69	
		45029	65100		3.864	
		45093	65200		3.916	
		45152	65300		3.929	
		45205	65400		3.845	
		45262	65500		3.873	
		45309	65600		3.919	
		45368	65700		3.938	
		45424	65800		3.969	
		45482	65900		3.977	
		45540	66000		3.959	
		45592	66100		3.799	
		45648	66200		3.796	
		45710	66300		3.864	
		45767	66400		3.946	
		45834	66500		4.021	
		45891	66600		4.12	
		45946	66700		4.187	
		46004	66800		4.199	
		46055	66900		4.142	
		46106	67000		4.078	
		46168	67100		4.134	
		46230	67200		4.103	
		46287	67300		4.059	
		46344	67400		4.035	
		46399	67500		3.847	
		46463	67600		3.802	
		46517	67700		3.72	
		46573	67800		3.737	
		46632	67900		3.777	
		46684	68000		3.77	
		46745	68100		3.813	
		46802	68200		3.787	
		46854	68300		3.74	
		46904	68400		3.739	
		46951	68500		3.757	
		47005	68600		3.706	
		47062	68700		3.705	
		47123	68800		3.702	
		47174	68900		3.743	
		47234	69000		3.869	
		47285	69100		3.884	
		47338	69200		3.799	
		47389	69300		3.759	
		47445	69400		3.826	
		47493	69500		3.843	
		47536	69600		3.725	
		47587	69700		3.633	
		47638	69800		3.576	
		47695	69900		3.475	
		47743	70000		3.293	
		47800	70100		3.219	
		47848	70200		3.264	
		47900	70300		3.295	
		47955	70400		3.214	
		48015	70500		3.288	
		48065	70600		3.419	
		48127	70700		3.6	
		48178	70800		3.56	
		48240	70900		3.721	
		48291	71000		3.778	
		48344	71100		3.831	
		48401	71200		3.847	
		48457	71300		3.794	
		48517	71400		3.789	
		48567	71500		3.673	
		48622	71600		3.658	
		48671	71700		3.458	
		48732	71800		3.46	
		48787	71900		3.265	
		48842	72000		3.398	
		48898	72100		3.308	
		48950	72200		3.282	
		49002	72300		3.384	
		49061	72400		3.432	
		49118	72500		3.543	
		49177	72600		3.541	
		49239	72700		3.785	
		49297	72800		3.832	
		49354	72900		3.896	
		49411	73000		4.015	
		49464	73100		4.135	
		49516	73200		4.194	
		49573	73300		4.161	
		49628	73400		4.169	
		49679	73500		4.093	
		49726	73600		4.022	
		49776	73700		3.906	
		49833	73800		3.884	
		49887	73900		4.066	
		49945	74000		3.816	
		49997	74100		3.673	
		50047	74200		3.584	
		50104	74300		3.61	
		50164	74400		3.5	
		50229	74500		3.525	
		50280	74600		3.556	
		50329	74700		3.443	
		50379	74800		3.429	
		50435	74900		3.215	
		50497	75000		3.224	
		50549	75100		3.195	
		50598	75200		3.287	
		50645	75300		3.195	
		50695	75400		3.254	
		50749	75500		3.283	
		50807	75600		3.339	
		50872	75700		3.455	
		50921	75800		3.481	
		50975	75900		3.496	
		51033	76000		3.564	
		51088	76100		3.671	
		51146	76200		3.645	
		51200	76300		3.584	
		51255	76400		3.607	
		51308	76500		3.66	
		51357	76600		3.649	
		51410	76700		3.628	
		51470	76800		3.613	
		51530	76900		3.718	
		51595	77000		3.826	
		51646	77100		3.871	
		51700	77200		3.895	
		51758	77300		4.014	
		51810	77400		3.984	
		51856	77500		3.801	
		51917	77600		3.801	
		51980	77700		3.822	
		52040	77800		3.879	
		52099	77900		3.833	
		52158	78000		3.643	
		52211	78100		3.567	
		52265	78200		3.546	
		52325	78300		3.532	
		52382	78400		3.54	
		52433	78500		3.596	
		52491	78600		3.554	
		52550	78700		3.56	
		52596	78800		3.525	
		52649	78900		3.451	
		52692	79000		3.422	
		52742	79100		3.386	
		52799	79200		3.348	
		52851	79300		3.384	
		52896	79400		3.353	
		52955	79500		3.518	
		53004	79600		3.544	
		53060	79700		3.486	
		53100	79800		3.37	
		53145	79900		3.415	
		53187	80000		3.432	
		53240	80100		3.462	
		53292	80200		3.396	
		53343	80300		3.433	
		53395	80400		3.428	
		53447	80500		3.278	
		53502	80600		3.262	
		53547	80700		3.194	
		53597	80800		3.231	
		53652	80900		3.212	
		53705	81000		3.255	
		53757	81100		3.317	
		53820	81200		3.505	
		53877	81300		3.541	
		53936	81400		3.588	
		53988	81500		3.629	
		54034	81600		3.639	
		54081	81700		3.699	
		54128	81800		3.69	
		54177	81900		3.625	
		54230	82000		3.614	
		54274	82100		3.542	
		54320	82200		3.384	
		54370	82300		3.242	
		54421	82400		3.132	
		54473	82500		3.055	
		54526	82600		3.032	
		54573	82700		2.931	
		54624	82800		3.044	
		54674	82900		3.092	
		54729	83000		3.137	
		54779	83100		3.121	
		54840	83200		3.241	
		54894	83300		3.203	
		54949	83400		3.339	
		55009	83500		3.597	
		55067	83600		3.625	
		55122	83700		3.79	
		55176	83800		3.749	
		55227	83900		3.729	
		55285	84000		3.695	
		55334	84100		3.769	
		55384	84200		3.769	
		55443	84300		3.756	
		55497	84400		3.898	
		55555	84500		3.666	
		55602	84600		3.631	
		55655	84700		3.475	
		55708	84800		3.464	
		55760	84900		3.433	
		55815	85000		3.393	
		55867	85100		3.314	
		55918	85200		3.199	
		55964	85300		3.275	
		56012	85400		2.974	
		56075	85500		3.03	
		56124	85600		2.998	
		56179	85700		3.145	
		56221	85800		3.094	
		56266	85900		3.154	
		56319	86000		3.158	
		56380	86100		3.195	
		56440	86200		3.242	
		56499	86300		3.332	
		56541	86400		3.329	
		56591	86500		3.339	
		56638	86600		3.458	
		56695	86700		3.372	
		56739	86800		3.375	
		56790	86900		3.371	
		56841	87000		3.466	
		56891	87100		3.461	
		56941	87200		3.407	
		56994	87300		3.35	
		57049	87400		3.476	
		57104	87500		3.4	
		57162	87600		3.383	
		57206	87700		3.415	
		57257	87800		3.461	
		57313	87900		3.459	
		57353	88000		3.313	
		57402	88100		3.342	
		57445	88200		3.322	
		57503	88300		3.262	
		57555	88400		3.258	
		57607	88500		3.253	
		57657	88600		3.152	
		57710	88700		3.181	
		57768	88800		3.202	
		57822	88900		3.237	
		57877	89000		3.349	
		57926	89100		3.319	
		57987	89200		3.424	
		58038	89300		3.458	
		58088	89400		3.425	
		58132	89500		3.5	
		58181	89600		3.498	
		58235	89700		3.437	
		58287	89800		3.444	
		58333	89900		3.374	
		58391	90000		3.433	
		58447	90100		3.422	
		58499	90200		3.361	
		58542	90300		3.319	
		58585	90400		3.31	
		58637	90500		3.275	
		58682	90600		3.309	
		58729	90700		3.265	
		58771	90800		3.162	
		58817	90900		3.225	
		58861	91000		3.073	
		58907	91100		3.056	
		58955	91200		3.044	
		59001	91300		3.049	
		59053	91400		3.145	
		59100	91500		3.125	
		59151	91600		3.149	
		59201	91700		3.28	
		59255	91800		3.293	
		59309	91900		3.344	
		59351	92000		3.373	
		59391	92100		3.343	
		59438	92200		3.346	
		59477	92300		3.296	
		59522	92400		3.129	
		59568	92500		3.086	
		59618	92600		3.049	
		59662	92700		2.876	
		59707	92800		2.867	
		59752	92900		2.709	
		59802	93000		2.69	
		59860	93100		2.9	
		59909	93200		2.856	
		59965	93300		2.925	
		60012	93400		3.041	
		60065	93500		3.148	
		60113	93600		3.156	
		60176	93700		3.362	
		60233	93800		3.429	
		60286	93900		3.515	
		60335	94000		3.664	
		60386	94100		3.559	
		60433	94200		3.575	
		60485	94300		3.621	
		60545	94400		3.638	
		60593	94500		3.528	
		60643	94600		3.56	
		60691	94700		3.452	
		60737	94800		3.487	
		60789	94900		3.472	
		60850	95000		3.375	
		60897	95100		3.307	
		60942	95200		3.26	
		60990	95300		3.207	
		61042	95400		3.116	
		61092	95500		3.11	
		61145	95600		3.113	
		61192	95700		3.02	
		61247	95800		2.996	
		61297	95900		2.972	
		61347	96000		2.917	
		61398	96100		2.945	
		61448	96200		2.985	
		61490	96300		2.931	
		61532	96400		2.916	
		61582	96500		2.991	
		61631	96600		2.973	
		61691	96700		3.092	
		61744	96800		3.175	
		61793	96900		3.186	
		61835	97000		3.226	
		61894	97100		3.298	
		61936	97200		3.299	
		61987	97300		3.364	
		62033	97400		3.34	
		62080	97500		3.327	
		62128	97600		3.489	
		62176	97700		3.391	
		62228	97800		3.376	
		62282	97900		3.473	
		62332	98000		3.448	
		62383	98100		3.355	
		62432	98200		3.438	
		62482	98300		3.541	
		62534	98400		3.619	
		62580	98500		3.567	
		62619	98600		3.324	
		62667	98700		3.326	
		62720	98800		3.261	
		62778	98900		3.191	
		62835	99000		3.249	
		62895	99100		3.265	
		62955	99200		3.271	
		63014	99300		3.165	
		63061	99400		3.187	
		63110	99500		3.262	
		63164	99600		3.289	
		63217	99700		3.39	
		63275	99800		3.39	
		63325	99900		3.356	
		63372	100000		3.312	
		63422	100100		3.26	
		63472	100200		3.198	
		63523	100300		3.202	
		63577	100400		3.191	
		63623	100500		3.202	
		63675	100600		3.319	
		63727	100700		3.279	
		63780	100800		3.23	
		63822	100900		3.148	
		63866	101000		3.181	
		63908	101100		3.182	
		63948	101200		3.116	
		63998	101300		3.092	
		64048	101400		3.097	
		64102	101500		3.062	
		64154	101600		2.934	
		64210	101700		2.912	
		64249	101800		2.904	
		64299	101900		3.092	
		64344	102000		3.018	
		64393	102100		3.094	
		64438	102200		3.204	
		64491	102300		3.269	
		64542	102400		3.245	
		64599	102500		3.316	
		64639	102600		3.293	
		64687	102700		3.305	
		64739	102800		3.362	
		64791	102900		3.202	
		64845	103000		3.285	
		64891	103100		3.196	
		64932	103200		3.103	
		64981	103300		2.995	
		65027	103400		2.887	
		65072	103500		2.728	
		65123	103600		2.791	
		65168	103700		2.761	
		65212	103800		2.689	
		65259	103900		2.771	
		65313	104000		2.729	
		65374	104100		3.046	
		65425	104200		3.132	
		65482	104300		3.259	
		65533	104400		3.312	
		65587	104500		3.406	
		65643	104600		3.635	
		65695	104700		3.777	
		65742	104800		3.855	
		65788	104900		3.813	
		65836	105000		3.794	
		65887	105100		3.577	
		65929	105200		3.491	
		65984	105300		3.497	
		66039	105400		3.491	
		66092	105500		3.57	
		66143	105600		3.338	
		66192	105700		3.129	
		66247	105800		3.065	
		66294	105900		3.089	
		66349	106000		3.06	
		66400	106100		3.006	
		66452	106200		3.034	
		66496	106300		2.894	
		66544	106400		2.896	
		66590	106500		2.746	
		66640	106600		2.713	
		66685	106700		2.759	
		66732	106800		2.735	
		66768	106900		2.671	
		66817	107000		2.712	
		66875	107100		2.768	
		66926	107200		2.803	
		66980	107300		2.919	
		67021	107400		2.942	
		67058	107500		2.909	
		67113	107600		3.007	
		67165	107700		3.084	
		67213	107800		3.169	
		67262	107900		3.14	
		67312	108000		3.155	
		67364	108100		3.184	
		67408	108200		3.203	
		67458	108300		3.195	
		67509	108400		3.234	
		67563	108500		3.352	
		67615	108600		3.26	
		67660	108700		3.258	
		67712	108800		3.377	
		67756	108900		3.478	
		67810	109000		3.46	
		67849	109100		3.331	
		67898	109200		3.29	
		67950	109300		3.27	
		68010	109400		3.264	
		68056	109500		3.26	
		68104	109600		3.246	
		68146	109700		3.193	
		68192	109800		3.025	
		68248	109900		3.015	
		68295	110000		3.009	
		68345	110100		3.051	
		68396	110200		3.021	
		68452	110300		3.029	
		68498	110400		2.991	
		68545	110500		2.91	
		68579	110600		2.953	
		68625	110700		2.926	
		68675	110800		2.928	
		68731	110900		2.949	
		68777	111000		2.909	
		68830	111100		3.026	
		68877	111200		3.059	
		68930	111300		2.996	
		68979	111400		2.954	
		69025	111500		2.997	
		69076	111600		3.012	
		69119	111700		3.03	
		69162	111800		2.988	
		69213	111900		2.991	
		69256	112000		2.996	
		69304	112100		2.84	
		69349	112200		2.818	
		69397	112300		2.81	
		69441	112400		2.902	
		69489	112500		2.909	
		69535	112600		2.855	
		69579	112700		2.904	
		69634	112800		3.055	
		69687	112900		3.038	
		69745	113000		3.114	
		69785	113100		3.137	
		69828	113200		3.12	
		69879	113300		3.17	
		69923	113400		3.063	
		69972	113500		3.038	
		70015	113600		3.071	
		70056	113700		3.014	
		70099	113800		2.88	
		70150	113900		2.843	
		70197	114000		2.718	
		70249	114100		2.725	
		70296	114200		2.735	
		70339	114300		2.662	
		70393	114400		2.744	
		70435	114500		2.723	
		70482	114600		2.766	
		70534	114700		2.889	
		70597	114800		3.027	
		70643	114900		2.993	
		70699	115000		3.148	
		70746	115100		3.368	
		70800	115200		3.421	
		70850	115300		3.491	
		70901	115400		3.464	
		70953	115500		3.49	
		71004	115600		3.461	
		71057	115700		3.389	
		71110	115800		3.388	
		71157	115900		3.343	
		71208	116000		3.241	
		71262	116100		2.999	
		71300	116200		2.878	
		71345	116300		2.785	
		71400	116400		2.818	
		71453	116500		2.816	
		71505	116600		2.794	
		71551	116700		2.755	
		71598	116800		2.593	
		71645	116900		2.689	
		71688	117000		2.624	
		71737	117100		2.674	
		71783	117200		2.709	
		71834	117300		2.749	
		71861	117400		2.633	
		71906	117500		2.645	
		71957	117600		2.646	
		72002	117700		2.593	
		72051	117800		2.657	
		72099	117900		2.708	
		72136	118000		2.719	
		72193	118100		2.772	
		72240	118200		2.911	
		72293	118300		2.93	
		72339	118400		2.994	
		72388	118500		3.019	
		72438	118600		3.086	
		72483	118700		3.152	
		72525	118800		3.119	
		72576	118900		3.115	
		72640	119000		3.225	
		72692	119100		3.177	
		72741	119200		3.173	
		72784	119300		3.15	
		72831	119400		3.166	
		72883	119500		3.124	
		72926	119600		3.033	
		72985	119700		3.102	
		73034	119800		3.139	
		73085	119900		3.07	
		73132	120000		3.075	
		73184	120100		3.046	
		73232	120200		2.953	
		73279	120300		3.034	
		73328	120400		3.059	
		73377	120500		3.063	
		73421	120600		3.086	
		73467	120700		2.98	
		73521	120800		3.037	
		73567	120900		3.021	
		73615	121000		2.963	
		73665	121100		3.019	
		73713	121200		3.051	
		73764	121300		3.034	
		73815	121400		3.033	
		73855	121500		2.984	
		73911	121600		3.064	
		73963	121700		3.067	
		74016	121800		3.03	
		74058	121900		3.033	
		74101	122000		3.081	
		74156	122100		3.017	
		74199	122200		2.974	
		74243	122300		2.856	
		74282	122400		2.771	
		74324	122500		2.832	
		74363	122600		2.73	
		74407	122700		2.71	
		74452	122800		2.635	
		74491	122900		2.665	
		74531	123000		2.797	
		74587	123100		2.816	
		74639	123200		2.886	
		74686	123300		3.035	
		74745	123400		3.115	
		74795	123500		3.159	
		74841	123600		3.197	
		74884	123700		3.188	
		74932	123800		3.233	
		74979	123900		3.222	
		75020	124000		2.969	
		75072	124100		2.93	
		75109	124200		2.875	
		75150	124300		2.76	
		75192	124400		2.682	
		75248	124500		2.582	
		75297	124600		2.555	
		75337	124700		2.544	
		75388	124800		2.502	
		75433	124900		2.473	
		75482	125000		2.586	
		75528	125100		2.631	
		75573	125200		2.633	
		75633	125300		2.723	
		75680	125400		2.752	
		75728	125500		2.76	
		75786	125600		3.001	
		75832	125700		3.137	
		75877	125800		3.154	
		75927	125900		3.196	
		75990	126000		3.189	
		76036	126100		3.139	
		76083	126200		3.151	
		76128	126300		3.042	
		76175	126400		3.009	
		76221	126500		3.192	
		76278	126600		2.991	
		76321	126700		2.878	
		76363	126800		2.851	
		76405	126900		2.765	
		76454	127000		2.733	
		76501	127100		2.689	
		76545	127200		2.69	
		76588	127300		2.673	
		76632	127400		2.729	
		76667	127500		2.512	
		76708	127600		2.451	
		76757	127700		2.437	
		76812	127800		2.437	
		76850	127900		2.451	
		76885	128000		2.467	
		76924	128100		2.518	
		76973	128200		2.509	
		77034	128300		2.627	
		77085	128400		2.677	
		77131	128500		2.714	
		77174	128600		2.746	
		77226	128700		2.863	
		77279	128800		2.943	
		77329	128900		2.995	
		77379	129000		2.995	
		77424	129100		3.013	
		77479	129200		2.999	
		77523	129300		2.949	
		77566	129400		2.955	
		77618	129500		3.074	
		77668	129600		3.141	
		77719	129700		3.084	
		77761	129800		3.017	
		77805	129900		2.989	
		77857	130000		2.994	
		77903	130100		2.96	
		77946	130200		2.911	
		77993	130300		2.913	
		78040	130400		2.936	
		78084	130500		2.822	
		78125	130600		2.759	
		78182	130700		2.792	
		78239	130800		2.849	
		78292	130900		2.917	
		78341	131000		2.882	
		78390	131100		2.961	
		78432	131200		2.969	
		78488	131300		3.023	
		78545	131400		2.991	
		78592	131500		3.002	
		78636	131600		3.017	
		78681	131700		2.968	
		78734	131800		2.947	
		78784	131900		2.937	
		78835	132000		2.927	
		78872	132100		2.92	
		78924	132200		3.034	
		78971	132300		2.984	
		79015	132400		2.91	
		79061	132500		2.891	
		79111	132600		2.908	
		79148	132700		2.879	
		79189	132800		2.821	
		79232	132900		2.737	
		79281	133000		2.754	
		79321	133100		2.687	
		79363	133200		2.574	
		79417	133300		2.594	
		79452	133400		2.61	
		79505	133500		2.72	
		79543	133600		2.612	
		79587	133700		2.663	
		79634	133800		2.849	
		79691	133900		2.966	
		79739	134000		2.978	
		79791	134100		3.069	
		79827	134200		3.068	
		79871	134300		3.026	
		79909	134400		3.008	
		79948	134500		2.844	
		79998	134600		2.912	
		80037	134700		2.829	
		80084	134800		2.693	
		80122	134900		2.566	
		80164	135000		2.512	
		80210	135100		2.381	
		80255	135200		2.404	
		80305	135300		2.438	
		80342	135400		2.414	
		80386	135500		2.488	
		80434	135600		2.488	
		80482	135700		2.586	
		80531	135800		2.565	
		80582	135900		2.709	
		80627	136000		2.763	
		80681	136100		2.846	
		80725	136200		3.059	
		80778	136300		3.129	
		80819	136400		3.213	
		80869	136500		3.189	
		80918	136600		3.209	
		80957	136700		3.145	
		80999	136800		3.141	
		81043	136900		3.121	
		81099	137000		3.111	
		81160	137100		3.312	
		81204	137200		3.089	
		81254	137300		2.979	
		81298	137400		2.915	
		81345	137500		2.93	
		81392	137600		2.858	
		81433	137700		2.844	
		81474	137800		2.808	
		81514	137900		2.655	
		81556	138000		2.673	
		81598	138100		2.404	
		81645	138200		2.409	
		81687	138300		2.405	
		81730	138400		2.404	
		81764	138500		2.344	
		81813	138600		2.421	
		81861	138700		2.455	
		81911	138800		2.487	
		81963	138900		2.626	
		82003	139000		2.544	
		82041	139100		2.556	
		82085	139200		2.588	
		82135	139300		2.59	
		82184	139400		2.649	
		82233	139500		2.665	
		82280	139600		2.642	
		82329	139700		2.656	
		82370	139800		2.72	
		82420	139900		2.709	
		82466	140000		2.759	
		82508	140100		2.808	
		82561	140200		2.85	
		82599	140300		2.928	
		82641	140400		3.021	
		82695	140500		3.098	
		82735	140600		3.073	
		82783	140700		3.036	
		82833	140800		3.003	
		82885	140900		2.981	
		82938	141000		3.029	
		82981	141100		3.034	
		83026	141200		2.911	
		83078	141300		2.841	
		83118	141400		2.72	
		83171	141500		2.695	
		83206	141600		2.691	
		83241	141700		2.677	
		83288	141800		2.633	
		83335	141900		2.659	
		83380	142000		2.613	
		83415	142100		2.581	
		83455	142200		2.623	
		83495	142300		2.619	
		83542	142400		2.647	
		83580	142500		2.622	
		83618	142600		2.596	
		83670	142700		2.741	
		83720	142800		2.761	
		83765	142900		2.706	
		83804	143000		2.686	
		83850	143100		2.717	
		83895	143200		2.719	
		83937	143300		2.701	
		83971	143400		2.586	
		84014	143500		2.605	
		84057	143600		2.601	
		84096	143700		2.432	
		84137	143800		2.413	
		84178	143900		2.417	
		84215	144000		2.395	
		84264	144100		2.387	
		84310	144200		2.427	
		84347	144300		2.474	
		84398	144400		2.655	
		84448	144500		2.645	
		84488	144600		2.692	
		84535	144700		2.784	
		84568	144800		2.774	
		84613	144900		2.812	
		84650	145000		2.773	
		84696	145100		2.689	
		84738	145200		2.646	
		84782	145300		2.599	
		84820	145400		2.424	
		84859	145500		2.354	
		84894	145600		2.281	
		84933	145700		2.203	
		84986	145800		2.257	
		85028	145900		2.174	
		85071	146000		2.276	
		85119	146100		2.312	
		85168	146200		2.393	
		85217	146300		2.419	
		85270	146400		2.546	
		85316	146500		2.598	
		85363	146600		2.692	
		85406	146700		2.708	
		85449	146800		2.713	
		85501	146900		2.809	
		85545	147000		2.816	
		85593	147100		2.809	
		85646	147200		2.752	
		85687	147300		2.709	
		85729	147400		2.631	
		85773	147500		2.595	
		85830	147600		2.581	
		85875	147700		2.616	
		85914	147800		2.531	
		85950	147900		2.372	
		85997	148000		2.311	
		86045	148100		2.316	
		86086	148200		2.244	
		86127	148300		2.243	
		86176	148400		2.268	
		86222	148500		2.373	
		86258	148600		2.267	
		86308	148700		2.301	
		86349	148800		2.279	
		86394	148900		2.334	
		86430	149000		2.306	
		86478	149100		2.351	
		86522	149200		2.435	
		86578	149300		2.482	
		86623	149400		2.472	
		86674	149500		2.47	
		86713	149600		2.488	
		86762	149700		2.51	
		86803	149800		2.664	
		86843	149900		2.673	
		86880	150000		2.672	
		86924	150100		2.666	
		86970	150200		2.631	
		87011	150300		2.604	
		87049	150400		2.569	
		87095	150500		2.553	
		87144	150600		2.641	
		87192	150700		2.578	
		87234	150800		2.531	
		87280	150900		2.601	
		87326	151000		2.644	
		87371	151100		2.657	
		87406	151200		2.62	
		87453	151300		2.646	
		87487	151400		2.685	
		87532	151500		2.598	
		87579	151600		2.627	
		87626	151700		2.599	
		87669	151800		2.522	
		87725	151900		2.509	
		87771	152000		2.493	
		87813	152100		2.511	
		87854	152200		2.564	
		87896	152300		2.515	
		87944	152400		2.567	
		87984	152500		2.58	
		88019	152600		2.497	
		88055	152700		2.543	
		88105	152800		2.597	
		88153	152900		2.573	
		88198	153000		2.687	
		88237	153100		2.608	
		88287	153200		2.717	
		88328	153300		2.742	
		88369	153400		2.681	
		88411	153500		2.698	
		88448	153600		2.711	
		88485	153700		2.689	
		88519	153800		2.655	
		88557	153900		2.592	
		88597	154000		2.427	
		88643	154100		2.484	
		88684	154200		2.334	
		88726	154300		2.29	
		88772	154400		2.27	
		88808	154500		2.269	
		88854	154600		2.38	
		88899	154700		2.371	
		88948	154800		2.451	
		88990	154900		2.588	
		89031	155000		2.646	
		89076	155100		2.672	
		89117	155200		2.701	
		89153	155300		2.726	
		89203	155400		2.796	
		89251	155500		2.827	
		89288	155600		2.7	
		89331	155700		2.664	
		89373	155800		2.594	
		89409	155900		2.488	
		89448	156000		2.449	
		89486	156100		2.306	
		89531	156200		2.257	
		89577	156300		2.366	
		89617	156400		2.28	
		89663	156500		2.258	
		89701	156600		2.282	
		89741	156700		2.325	
		89790	156800		2.444	
		89844	156900		2.573	
		89885	157000		2.583	
		89933	157100		2.712	
		89974	157200		2.868	
		90021	157300		2.81	
		90064	157400		2.851	
		90111	157500		2.94	
		90164	157600		2.976	
		90205	157700		2.922	
		90248	157800		2.822	
		90288	157900		2.702	
		90340	158000		2.804	
		90387	158100		2.756	
		90438	158200		2.69	
		90483	158300		2.639	
		90526	158400		2.579	
		90566	158500		2.495	
		90607	158600		2.4	
		90652	158700		2.413	
		90697	158800		2.391	
		90736	158900		2.349	
		90790	159000		2.342	
		90829	159100		2.327	
		90871	159200		2.283	
		90914	159300		2.264	
		90959	159400		2.298	
		90988	159500		2.236	
		91021	159600		2.255	
		91065	159700		2.298	
		91105	159800		2.309	
		91156	159900		2.397	
		91200	160000		2.346	
		91239	160100		2.384	
		91276	160200		2.384	
		91320	160300		2.48	
		91359	160400		2.493	
		91404	160500		2.538	
		91449	160600		2.558	
		91489	160700		2.545	
		91533	160800		2.64	
		91577	160900		2.591	
		91620	161000		2.641	
		91670	161100		2.7	
		91726	161200		2.736	
		91775	161300		2.739	
		91815	161400		2.728	
		91859	161500		2.736	
		91904	161600		2.768	
		91945	161700		2.757	
		91989	161800		2.623	
		92032	161900		2.606	
		92076	162000		2.569	
		92122	162100		2.477	
		92171	162200		2.474	
		92224	162300		2.414	
		92269	162400		2.471	
		92316	162500		2.502	
		92357	162600		2.466	
		92399	162700		2.486	
		92433	162800		2.491	
		92475	162900		2.568	
		92524	163000		2.598	
		92557	163100		2.564	
		92594	163200		2.526	
		92639	163300		2.504	
		92679	163400		2.505	
		92720	163500		2.491	
		92760	163600		2.522	
		92796	163700		2.558	
		92843	163800		2.612	
		92885	163900		2.551	
		92917	164000		2.448	
		92957	164100		2.445	
		93003	164200		2.54	
		93040	164300		2.555	
		93081	164400		2.481	
		93114	164500		2.409	
		93152	164600		2.383	
		93185	164700		2.298	
		93229	164800		2.228	
		93271	164900		2.253	
		93315	165000		2.325	
		93357	165100		2.379	
		93397	165200		2.252	
		93439	165300		2.305	
		93475	165400		2.387	
		93522	165500		2.429	
		93566	165600		2.426	
		93620	165700		2.578	
		93660	165800		2.586	
		93695	165900		2.544	
		93735	166000		2.5	
		93772	166100		2.412	
		93815	166200		2.42	
		93851	166300		2.34	
		93892	166400		2.244	
		93935	166500		2.241	
		93972	166600		2.201	
		94010	166700		2.045	
		94058	166800		2.133	
		94107	166900		2.2	
		94147	167000		2.191	
		94190	167100		2.261	
		94231	167200		2.258	
		94277	167300		2.335	
		94326	167400		2.4	
		94379	167500		2.554	
		94423	167600		2.585	
		94464	167700		2.635	
		94512	167800		2.561	
		94554	167900		2.621	
		94598	168000		2.696	
		94646	168100		2.685	
		94695	168200		2.746	
		94738	168300		2.681	
		94775	168400		2.612	
		94813	168500		2.445	
		94854	168600		2.447	
		94903	168700		2.582	
		94945	168800		2.57	
		94989	168900		2.452	
		95016	169000		2.34	
		95060	169100		2.346	
		95109	169200		2.291	
		95143	169300		2.31	
		95184	169400		2.344	
		95223	169500		2.337	
		95267	169600		2.387	
		95306	169700		2.249	
		95351	169800		2.238	
		95394	169900		2.259	
		95434	170000		2.306	
		95462	170100		2.257	
		95502	170200		2.284	
		95554	170300		2.301	
		95598	170400		2.315	
		95644	170500		2.39	
		95682	170600		2.339	
		95721	170700		2.307	
		95770	170800		2.456	
		95809	170900		2.407	
		95856	171000		2.468	
		95897	171100		2.492	
		95937	171200		2.509	
		95973	171300		2.462	
		96015	171400		2.529	
		96052	171500		2.59	
		96100	171600		2.672	
		96153	171700		2.787	
		96202	171800		2.79	
		96240	171900		2.876	
		96282	172000		3.003	
		96325	172100		3.05	
		96373	172200		3.026	
		96411	172300		3.004	
		96450	172400		2.927	
		96497	172500		2.86	
		96545	172600		2.816	
		96597	172700		2.752	
		96644	172800		2.594	
		96685	172900		2.539	
		96724	173000		2.384	
		96770	173100		2.365	
		96807	173200		2.347	
		96850	173300		2.396	
		96892	173400		2.398	
		96943	173500		2.42	
		96980	173600		2.395	
		97015	173700		2.337	
		97058	173800		2.431	
		97099	173900		2.402	
		97142	174000		2.381	
		97185	174100		2.432	
		97225	174200		2.451	
		97274	174300		2.544	
		97314	174400		2.512	
		97350	174500		2.4	
		97383	174600		2.335	
		97424	174700		2.397	
		97470	174800		2.366	
		97513	174900		2.425	
		97547	175000		2.373	
		97589	175100		2.404	
		97630	175200		2.355	
		97671	175300		2.278	
		97713	175400		2.306	
		97753	175500		2.367	
		97793	175600		2.478	
		97830	175700		2.43	
		97883	175800		2.451	
		97929	175900		2.5	
		97979	176000		2.656	
		98022	176100		2.605	
		98066	176200		2.663	
		98102	176300		2.629	
		98138	176400		2.612	
		98178	176500		2.631	
		98211	176600		2.51	
		98251	176700		2.512	
		98293	176800		2.471	
		98331	176900		2.387	
		98363	177000		2.246	
		98413	177100		2.214	
		98455	177200		2.138	
		98498	177300		2.129	
		98540	177400		2.187	
		98575	177500		2.114	
		98618	177600		2.219	
		98656	177700		2.224	
		98699	177800		2.28	
		98736	177900		2.283	
		98779	178000		2.365	
		98814	178100		2.319	
		98855	178200		2.393	
		98897	178300		2.414	
		98943	178400		2.432	
		98990	178500		2.527	
		99033	178600		2.489	
		99072	178700		2.481	
		99115	178800		2.409	
		99151	178900		2.419	
		99191	179000		2.494	
		99229	179100		2.446	
		99274	179200		2.63	
		99315	179300		2.596	
		99349	179400		2.531	
		99394	179500		2.435	
		99433	179600		2.423	
		99471	179700		2.388	
		99507	179800		2.332	
		99549	179900		2.322	
		99581	180000		2.165	
		99624	180100		2.295	
		99664	180200		2.065	
		99707	180300		2.146	
		99748	180400		2.119	
		99787	180500		2.129	
		99821	180600		2.104	
		99859	180700		2.19	
		99907	180800		2.291	
		99951	180900		2.324	
		99999	181000		2.381	
		100044	181100		2.387	
		100084	181200		2.373	
		100133	181300		2.411	
		100172	181400		2.48	
		100217	181500		2.498	
		100261	181600		2.533	
		100293	181700		2.441	
		100335	181800		2.362	
		100372	181900		2.287	
		100407	182000		2.239	
		100455	182100		2.257	
		100499	182200		2.364	
		100546	182300		2.301	
		100585	182400		2.314	
		100617	182500		2.365	
		100658	182600		2.376	
		100704	182700		2.435	
		100743	182800		2.462	
		100783	182900		2.517	
		100828	183000		2.599	
		100873	183100		2.528	
		100926	183200		2.545	
		100976	183300		2.534	
		101010	183400		2.448	
		101049	183500		2.438	
		101088	183600		2.428	
		101130	183700		2.425	
		101166	183800		2.445	
		101210	183900		2.437	
		101262	184000		2.48	
		101303	184100		2.475	
		101348	184200		2.42	
		101386	184300		2.456	
		101428	184400		2.499	
		101468	184500		2.489	
		101515	184600		2.543	
		101551	184700		2.546	
		101599	184800		2.639	
		101646	184900		2.641	
		101699	185000		2.584	
		101729	185100		2.593	
		101755	185200		2.492	
		101796	185300		2.468	
		101831	185400		2.448	
		101866	185500		2.396	
		101904	185600		2.328	
		101946	185700		2.333	
		101982	185800		2.2	
		102016	185900		2.157	
		102058	186000		2.128	
		102091	186100		2.129	
		102130	186200		2.422	
		102175	186300		2.383	
		102223	186400		2.473	
		102270	186500		2.603	
		102317	186600		2.622	
		102354	186700		2.619	
		102397	186800		2.684	
		102434	186900		2.698	
		102475	187000		2.705	
		102514	187100		2.69	
		102551	187200		2.399	
		102589	187300		2.393	
		102622	187400		2.292	
		102664	187500		2.205	
		102701	187600		2.182	
		102742	187700		2.141	
		102779	187800		2.063	
		102818	187900		2.109	
		102860	188000		2.062	
		102900	188100		2.051	
		102940	188200		2.102	
		102972	188300		2.115	
		103016	188400		2.185	
		103064	188500		2.274	
		103106	188600		2.261	
		103150	188700		2.327	
		103197	188800		2.486	
		103242	188900		2.473	
		103282	189000		2.499	
		103323	189100		2.526	
		103377	189200		2.559	
		103416	189300		2.511	
		103454	189400		2.436	
		103494	189500		2.384	
		103532	189600		2.571	
		103566	189700		2.565	
		103608	189800		2.467	
		103641	189900		2.441	
		103677	190000		2.401	
		103719	190100		2.382	
		103763	190200		2.379	
		103805	190300		2.417	
		103838	190400		2.429	
		103878	190500		2.355	
		103911	190600		2.188	
		103948	190700		2.146	
		103991	190800		2.132	
		104030	190900		2.11	
		104067	191000		2.1	
		104098	191100		2.051	
		104136	191200		2.052	
		104190	191300		2.09	
		104228	191400		2.104	
		104278	191500		2.139	
		104317	191600		2.192	
		104349	191700		2.183	
		104390	191800		2.221	
		104428	191900		2.298	
		104473	192000		2.33	
		104517	192100		2.481	
		104560	192200		2.492	
		104594	192300		2.451	
		104639	192400		2.5	
		104677	192500		2.456	
		104720	192600		2.511	
		104763	192700		2.586	
		104802	192800		2.52	
		104847	192900		2.514	
		104884	193000		2.533	
		104927	193100		2.413	
		104972	193200		2.404	
		104999	193300		2.383	
		105034	193400		2.303	
		105071	193500		2.342	
		105104	193600		2.269	
		105151	193700		2.255	
		105193	193800		2.282	
		105238	193900		2.218	
		105279	194000		2.254	
		105318	194100		2.256	
		105360	194200		2.195	
		105398	194300		2.236	
		105429	194400		2.182	
		105467	194500		2.226	
		105510	194600		2.206	
		105547	194700		2.181	
		105587	194800		2.234	
		105631	194900		2.274	
		105674	195000		2.27	
		105712	195100		2.296	
		105756	195200		2.314	
		105793	195300		2.339	
		105841	195400		2.478	
		105885	195500		2.443	
		105914	195600		2.392	
		105947	195700		2.335	
		105991	195800		2.377	
		106031	195900		2.356	
		106066	196000		2.277	
		106095	196100		2.191	
		106129	196200		2.182	
		106170	196300		2.14	
		106206	196400		2.071	
		106248	196500		2.075	
		106289	196600		2.135	
		106335	196700		2.192	
		106373	196800		2.049	
		106415	196900		2.092	
		106459	197000		2.199	
		106503	197100		2.296	
		106544	197200		2.342	
		106586	197300		2.373	
		106627	197400		2.403	
		106666	197500		2.385	
		106705	197600		2.38	
		106746	197700		2.312	
		106785	197800		2.326	
		106823	197900		2.282	
		106858	198000		2.201	
		106893	198100		2.143	
		106929	198200		2.091	
		106965	198300		2.025	
		107007	198400		1.994	
		107044	198500		1.993	
		107081	198600		1.954	
		107115	198700		1.988	
		107149	198800		2.001	
		107193	198900		2.042	
		107232	199000		2.034	
		107277	199100		2.165	
		107319	199200		2.253	
		107366	199300		2.347	
		107421	199400		2.532	
		107463	199500		2.656	
		107507	199600		2.743	
		107551	199700		2.745	
		107591	199800		2.745	
		107629	199900		2.712	
		107665	200000		2.733	
		107699	200100		2.744	
		107746	200200		2.694	
		107791	200300		2.76	
		107832	200400		2.564	
		107873	200500		2.375	
		107909	200600		2.28	
		107950	200700		2.292	
		107984	200800		2.236	
		108029	200900		2.247	
		108072	201000		2.228	
		108113	201100		2.114	
		108158	201200		2.16	
		108202	201300		2.043	
		108245	201400		2.05	
		108290	201500		2.158	
		108327	201600		2.14	
		108361	201700		2.078	
		108406	201800		2.189	
		108450	201900		2.209	
		108491	202000		2.226	
		108528	202100		2.272	
		108568	202200		2.213	
		108607	202300		2.215	
		108648	202400		2.269	
		108687	202500		2.239	
		108726	202600		2.343	
		108761	202700		2.358	
		108799	202800		2.308	
		108837	202900		2.313	
		108869	203000		2.367	
		108913	203100		2.412	
		108955	203200		2.456	
		108995	203300		2.484	
		109038	203400		2.521	
		109084	203500		2.579	
		109118	203600		2.511	
		109155	203700		2.57	
		109193	203800		2.582	
		109237	203900		2.527	
		109274	204000		2.45	
		109314	204100		2.412	
		109363	204200		2.432	
		109400	204300		2.435	
		109446	204400		2.332	
		109494	204500		2.329	
		109534	204600		2.356	
		109573	204700		2.333	
		109610	204800		2.313	
		109648	204900		2.303	
		109694	205000		2.403	
		109740	205100		2.392	
		109772	205200		2.29	
		109811	205300		2.24	
		109857	205400		2.309	
		109897	205500		2.234	
		109940	205600		2.301	
		109983	205700		2.33	
		110021	205800		2.371	
		110063	205900		2.499	
		110093	206000		2.404	
		110128	206100		2.344	
		110163	206200		2.36	
		110199	206300		2.408	
		110240	206400		2.363	
		110277	206500		2.379	
		110310	206600		2.232	
		110353	206700		2.267	
		110392	206800		2.213	
		110425	206900		2.126	
		110462	207000		2.107	
		110492	207100		2.105	
		110537	207200		2.146	
		110583	207300		2.133	
		110629	207400		2.151	
		110662	207500		2.196	
		110709	207600		2.326	
		110753	207700		2.268	
		110792	207800		2.295	
		110831	207900		2.327	
		110870	208000		2.367	
		110913	208100		2.41	
		110950	208200		2.372	
		110991	208300		2.316	
		111026	208400		2.291	
		111062	208500		2.267	
		111094	208600		2.168	
		111138	208700		2.15	
		111173	208800		2.086	
		111213	208900		2.162	
		111255	209000		2.138	
		111288	209100		2.118	
		111325	209200		2.188	
		111362	209300		2.218	
		111406	209400		2.293	
		111442	209500		2.264	
		111495	209600		2.38	
		111527	209700		2.347	
		111566	209800		2.425	
		111612	209900		2.314	
		111655	210000		2.367	
		111697	210100		2.421	
		111744	210200		2.362	
		111785	210300		2.363	
		111829	210400		2.304	
		111862	210500		2.289	
		111895	210600		2.178	
		111934	210700		2.179	
		111980	210800		2.261	
		112021	210900		2.237	
		112058	211000		2.177	
		112091	211100		2.099	
		112123	211200		2.085	
		112160	211300		2.03	
		112197	211400		1.975	
		112233	211500		1.969	
		112267	211600		1.954	
		112304	211700		2.009	
		112332	211800		1.8	
		112368	211900		1.858	
		112411	212000		1.866	
		112453	212100		1.871	
		112482	212200		1.862	
		112519	212300		1.923	
		112569	212400		2.022	
		112618	212500		2.063	
		112657	212600		2.106	
		112694	212700		2.12	
		112733	212800		2.199	
		112776	212900		2.215	
		112810	213000		2.31	
		112852	213100		2.352	
		112886	213200		2.354	
		112923	213300		2.344	
		112964	213400		2.374	
		113000	213500		2.324	
		113030	213600		2.355	
		113061	213700		2.353	
		113102	213800		2.414	
		113145	213900		2.399	
		113183	214000		2.316	
		113218	214100		2.424	
		113264	214200		2.458	
		113299	214300		2.445	
		113341	214400		2.344	
		113383	214500		2.407	
		113413	214600		2.418	
		113441	214700		2.357	
		113481	214800		2.392	
		113528	214900		2.392	
		113564	215000		2.396	
		113600	215100		2.28	
		113635	215200		2.264	
		113674	215300		2.268	
		113712	215400		2.317	
		113747	215500		2.254	
		113788	215600		2.279	
		113814	215700		2.264	
		113856	215800		2.227	
		113897	215900		2.212	
		113936	216000		2.244	
		113976	216100		2.241	
		114013	216200		2.24	
		114049	216300		2.253	
		114095	216400		2.344	
		114131	216500		2.363	
		114169	216600		2.302	
		114206	216700		2.36	
		114238	216800		2.31	
		114275	216900		2.312	
		114312	217000		2.299	
		114349	217100		2.235	
		114389	217200		2.259	
		114434	217300		2.342	
		114476	217400		2.207	
		114516	217500		2.174	
		114555	217600		2.165	
		114590	217700		2.15	
		114628	217800		2.183	
		114673	217900		2.19	
		114720	218000		2.215	
		114762	218100		2.336	
		114802	218200		2.278	
		114842	218300		2.208	
		114884	218400		2.209	
		114917	218500		2.245	
		114964	218600		2.278	
		115002	218700		2.282	
		115044	218800		2.22	
		115082	218900		2.159	
		115120	219000		2.139	
		115154	219100		2.074	
		115189	219200		2.085	
		115225	219300		1.997	
		115261	219400		1.956	
		115301	219500		1.952	
		115348	219600		1.925	
		115392	219700		1.929	
		115427	219800		1.985	
		115470	219900		2.008	
		115504	220000		1.994	
		115547	220100		2.056	
		115580	220200		2.056	
		115623	220300		2.136	
		115658	220400		2.143	
		115701	220500		2.203	
		115740	220600		2.226	
		115781	220700		2.252	
		115828	220800		2.271	
		115864	220900		2.216	
		115907	221000		2.206	
		115950	221100		2.138	
		115986	221200		2.116	
		116024	221300		2.071	
		116061	221400		2.118	
		116104	221500		2.069	
		116141	221600		1.981	
		116183	221700		1.943	
		116221	221800		1.908	
		116268	221900		1.982	
		116303	222000		1.948	
		116331	222100		1.873	
		116375	222200		1.957	
		116416	222300		1.957	
		116451	222400		1.946	
		116488	222500		1.904	
		116530	222600		1.947	
		116556	222700		2.023	
		116592	222800		2.013	
		116632	222900		2.008	
		116669	223000		2.037	
		116710	223100		2.101	
		116750	223200		2.1	
		116788	223300		2.109	
		116827	223400		2.103	
		116859	223500		2.195	
		116900	223600		2.234	
		116937	223700		2.148	
		116971	223800		2.106	
		117005	223900		2.07	
		117046	224000		2.088	
		117079	224100		2.047	
		117119	224200		2.107	
		117162	224300		2.175	
		117199	224400		2.173	
		117247	224500		2.228	
		117279	224600		2.162	
		117315	224700		2.219	
		117349	224800		2.327	
		117384	224900		2.329	
		117421	225000		2.329	
		117460	225100		2.397	
		117495	225200		2.333	
		117541	225300		2.308	
		117576	225400		2.313	
		117620	225500		2.205	
		117669	225600		2.322	
		117717	225700		2.332	
		117756	225800		2.277	
		117789	225900		2.263	
		117821	226000		2.193	
		117866	226100		2.202	
		117908	226200		2.204	
		117941	226300		2.148	
		117970	226400		2.118	
		118007	226500		2.12	
		118043	226600		2.071	
		118081	226700		2.038	
		118126	226800		2.053	
		118166	226900		2.125	
		118204	227000		2.197	
		118236	227100		2.163	
		118264	227200		2.099	
		118292	227300		2.098	
		118333	227400		2.213	
		118372	227500		2.217	
		118408	227600		2.125	
		118452	227700		2.115	
		118492	227800		2.084	
		118529	227900		1.974	
		118567	228000		1.931	
		118606	228100		1.956	
		118643	228200		1.979	
		118680	228300		2.024	
		118714	228400		1.901	
		118761	228500		1.932	
		118800	228600		2.065	
		118852	228700		2.121	
		118891	228800		2.104	
		118934	228900		2.253	
		118968	229000		2.243	
		119008	229100		2.236	
		119047	229200		2.24	
		119082	229300		2.162	
		119117	229400		2.201	
		119153	229500		2.143	
		119187	229600		2.082	
		119225	229700		2.012	
		119271	229800		2.039	
		119305	229900		1.93	
		119344	230000		1.957	
		119385	230100		1.955	
		119427	230200		1.946	
		119469	230300		2.039	
		119503	230400		2.026	
		119548	230500		2.061	
		119582	230600		2.01	
		119623	230700		2.078	
		119664	230800		2.054	
		119709	230900		2.071	
		119753	231000		2.092	
		119791	231100		2.158	
		119826	231200		2.198	
		119865	231300		2.134	
		119904	231400		2.118	
		119943	231500		2.108	
		119982	231600		2.138	
		120025	231700		2.066	
		120076	231800		2.212	
		120119	231900		2.231	
		120161	232000		2.229	
		120204	232100		2.109	
		120239	232200		2.062	
		120272	232300		2.107	
		120311	232400		2.103	
		120350	232500		2.133	
		120388	232600		2.092	
		120423	232700		2.083	
		120465	232800		1.979	
		120498	232900		1.936	
		120539	233000		1.899	
		120577	233100		1.955	
		120614	233200		1.964	
		120647	233300		1.918	
		120685	233400		1.959	
		120727	233500		1.979	
		120764	233600		2.025	
		120807	233700		2.093	
		120848	233800		2.08	
		120881	233900		2.062	
		120924	234000		2.102	
		120957	234100		2.073	
		120996	234200		2.08	
		121029	234300		2.043	
		121058	234400		2.048	
		121095	234500		2.004	
		121128	234600		1.962	
		121173	234700		2.008	
		121214	234800		2.06	
		121251	234900		2.135	
		121297	235000		2.145	
		121337	235100		2.263	
		121369	235200		2.252	
		121410	235300		2.339	
		121444	235400		2.323	
		121472	235500		2.265	
		121505	235600		2.292	
		121540	235700		2.242	
		121577	235800		2.191	
		121609	235900		2.17	
		121647	236000		2.115	
		121676	236100		1.982	
		121708	236200		1.998	
		121745	236300		1.968	
		121782	236400		1.993	
		121825	236500		2.053	
		121870	236600		2.149	
		121907	236700		2.12	
		121938	236800		2.107	
		121976	236900		2.111	
		122009	237000		2.152	
		122047	237100		2.187	
		122091	237200		2.23	
		122121	237300		2.233	
		122164	237400		2.211	
		122215	237500		2.351	
		122257	237600		2.284	
		122305	237700		2.287	
sanPlusMinus	59.371	100	100			
sanPlusMinus	46.221	200	200			
sanPlusMinus	38.643	300	300			
sanPlusMinus	33.477	399	400			
sanPlusMinus	30.374	499	500			
sanPlusMinus	27.718	596	600			
sanPlusMinus	25.687	694	700			
sanPlusMinus	24.152	791	800			
sanPlusMinus	22.84	888	900			
sanPlusMinus	21.955	985	1000			
sanPlusMinus	17.261	1082	1100			
sanPlusMinus	15.237	1179	1200			
sanPlusMinus	14.041	1273	1300			
sanPlusMinus	13.343	1371	1400			
sanPlusMinus	12.591	1465	1500			
sanPlusMinus	12.086	1653	1700			
sanPlusMinus	11.49	1931	2000			
sanPlusMinus	11.107	2478	2600			
sanPlusMinus	10.65	2747	2900			
sanPlusMinus	9.853	3920	4200			
sanPlusMinus	9.322	4190	4500			
sanPlusMinus	8.824	4699	5100			
sanPlusMinus	8.477	5998	6600			
sanPlusMinus	8.015	6170	6800			
sanPlusMinus	7.746	6588	7300			
sanPlusMinus	7.472	7745	8700			
sanPlusMinus	7.217	9870	11300			
sanPlusMinus	6.83	10184	11700			
sanPlusMinus	6.508	12741	15000			
sanPlusMinus	6.236	14463	17300			
sanPlusMinus	5.91	15865	19200			
sanPlusMinus	5.425	18044	22200			
sanPlusMinus	5.193	22073	27900			
sanPlusMinus	4.985	23311	29700			
sanPlusMinus	4.786	25307	32700			
sanPlusMinus	4.57	28972	38300			
sanPlusMinus	4.378	30227	40300			
sanPlusMinus	4.178	32145	43300			
sanPlusMinus	4.047	35590	48900			
sanPlusMinus	3.904	36703	50800			
sanPlusMinus	3.756	36879	51100			
sanPlusMinus	3.617	41858	59500			
sanPlusMinus	3.474	43045	61600			
sanPlusMinus	3.293	47743	70000			
sanPlusMinus	3.132	54421	82400			
sanPlusMinus	3.032	54526	82600			
sanPlusMinus	2.931	54573	82700			
sanPlusMinus	2.709	59752	92900			
sanPlusMinus	2.593	71598	116800			
sanPlusMinus	2.502	75388	124800			
sanPlusMinus	2.381	80210	135100			
sanPlusMinus	2.281	84894	145600			
sanPlusMinus	2.203	84933	145700			
sanPlusMinus	2.045	94010	166700			
sanPlusMinus	1.954	107081	198600			
sanPlusMinus	1.8	112332	211800			
		8813		7.0133874		
		10503		7.0977469		
		11517		6.762363		
		11839		6.6709364		
		12068		6.7098006		
		13261		6.6840859		
		16091		6.5200398		
		17097		6.0219354		
		17324		6.1211044		
		18044		5.742721		
		19208		6.3473688		
		19844		5.9683806		
		23504		5.8927784		
		24641		5.5972942		
		25376		5.8646054		
		26396		5.6291509		
		27011		5.4662403		
		29034		5.8244927		
		30041		5.5356117		
		30227		5.4548465		
		31252		5.3689454		
		32145		5.4919702		
		33152		5.7582384		
		33522		5.2839126		
		33642		5.2397757		
		36879		5.3147711		
		37895		5.1916431		
		40019		5.4081935		
		43094		5.1431163		
		44148		5.0105934		
		45946		5.20135		
		46004		4.9288828		
		47955		5.1420827		
		49061		5.0953217		
		49118		5.1508708		
		49354		4.8790459		
		49516		5.2029709		
		50549		4.9848784		
		51646		4.9972889		
		51758		5.1879977		
		54573		5.041413		
		55602		4.8205059		
		59802		4.7833566		
		60850		4.4874983		
		62128		4.7407691		
		62534		4.7510051		
		65212		5.1216582		
		66294		4.99571		
		66768		4.9086974		
		67810		5.1647239		
		70339		5.0284502		
		71400		5.0395372		
		71598		4.6730584		
		72640		4.969449		
		74932		4.723401		
		75433		5.0020849		
		76454		4.4788728		
		76757		4.5854243		
		77761		4.4728934		
		78488		4.9406068		
		78924		4.6901439		
		79791		4.8094727		
		80210		4.7166503		
		81254		4.6165781		
		81764		4.7176621		
		82783		4.5746391		
		85028		4.7565195		
		86045		4.622149		
		86222		4.6919999		
		86578		4.7653125		
		86803		4.7369927		
		86843		4.721136		
		87487		4.5132538		
		88287		4.7464938		
		88328		4.2991735		
		89251		4.6009401		
		89974		4.8217018		
		90164		4.4414356		
		94010		4.3761636		
		95060		4.3039946		
		95267		4.2713558		
		95644		4.5239194		
		95856		4.5162746		
		95937		4.2779673		
		96100		4.6493257		
		96240		4.1533012		
		96325		4.4485434		
		107081		4.7201824		
		108158		4.4323313		
		108491		4.7374207		
		108528		4.4244803		
		108761		4.4933041		
		108955		4.3382864		
		109084		4.6257482		
		109193		4.5430123		
